-- phpMyAdmin SQL Dump
-- version 5.2.1
-- https://www.phpmyadmin.net/
--
-- Host: 127.0.0.1
-- Tempo de geração: 18/04/2025 às 07:05
-- Versão do servidor: 10.4.32-MariaDB
-- Versão do PHP: 8.2.12

SET SQL_MODE = "NO_AUTO_VALUE_ON_ZERO";
START TRANSACTION;
SET time_zone = "+00:00";


/*!40101 SET @OLD_CHARACTER_SET_CLIENT=@@CHARACTER_SET_CLIENT */;
/*!40101 SET @OLD_CHARACTER_SET_RESULTS=@@CHARACTER_SET_RESULTS */;
/*!40101 SET @OLD_COLLATION_CONNECTION=@@COLLATION_CONNECTION */;
/*!40101 SET NAMES utf8mb4 */;

--
-- Banco de dados: `faststok`
--

-- --------------------------------------------------------

--
-- Estrutura para tabela `location`
--

CREATE TABLE `location` (
  `id` int(11) NOT NULL,
  `sector` varchar(50) NOT NULL,
  `floor` int(11) NOT NULL,
  `position` int(11) NOT NULL
) ENGINE=InnoDB DEFAULT CHARSET=utf8mb4 COLLATE=utf8mb4_general_ci;

--
-- Despejando dados para a tabela `location`
--

INSERT INTO `location` (`id`, `sector`, `floor`, `position`) VALUES
(1, 'A', 1, 1),
(2, 'A', 1, 2),
(3, 'A', 1, 3),
(4, 'A', 1, 4),
(5, 'A', 1, 5),
(6, 'A', 1, 6),
(7, 'A', 1, 7),
(8, 'A', 1, 8),
(9, 'A', 1, 9),
(10, 'A', 1, 10),
(11, 'A', 1, 11),
(12, 'A', 1, 12),
(13, 'A', 2, 1),
(14, 'A', 2, 2),
(15, 'A', 2, 3),
(16, 'A', 2, 4),
(17, 'A', 2, 5),
(18, 'A', 2, 6),
(19, 'A', 2, 7),
(20, 'A', 2, 8),
(21, 'A', 2, 9),
(22, 'A', 2, 10),
(23, 'A', 2, 11),
(24, 'A', 2, 12),
(25, 'A', 3, 1),
(26, 'A', 3, 2),
(27, 'A', 3, 3),
(28, 'A', 3, 4),
(29, 'A', 3, 5),
(30, 'A', 3, 6),
(31, 'A', 3, 7),
(32, 'A', 3, 8),
(33, 'A', 3, 9),
(34, 'A', 3, 10),
(35, 'A', 3, 11),
(36, 'A', 3, 12),
(37, 'A', 4, 1),
(38, 'A', 4, 2),
(39, 'A', 4, 3),
(40, 'A', 4, 4),
(41, 'A', 4, 5),
(42, 'A', 4, 6),
(43, 'A', 4, 7),
(44, 'A', 4, 8),
(45, 'A', 4, 9),
(46, 'A', 4, 10),
(47, 'A', 4, 11),
(48, 'A', 4, 12),
(49, 'A', 5, 1),
(50, 'A', 5, 2),
(51, 'A', 5, 3),
(52, 'A', 5, 4),
(53, 'A', 5, 5),
(54, 'A', 5, 6),
(55, 'A', 5, 7),
(56, 'A', 5, 8),
(57, 'A', 5, 9),
(58, 'A', 5, 10),
(59, 'A', 5, 11),
(60, 'A', 5, 12),
(61, 'B', 1, 1),
(62, 'B', 1, 2),
(63, 'B', 1, 3),
(64, 'B', 1, 4),
(65, 'B', 1, 5),
(66, 'B', 1, 6),
(67, 'B', 1, 7),
(68, 'B', 1, 8),
(69, 'B', 1, 9),
(70, 'B', 1, 10),
(71, 'B', 1, 11),
(72, 'B', 1, 12),
(73, 'B', 2, 1),
(74, 'B', 2, 2),
(75, 'B', 2, 3),
(76, 'B', 2, 4),
(77, 'B', 2, 5),
(78, 'B', 2, 6),
(79, 'B', 2, 7),
(80, 'B', 2, 8),
(81, 'B', 2, 9),
(82, 'B', 2, 10),
(83, 'B', 2, 11),
(84, 'B', 2, 12),
(85, 'B', 3, 1),
(86, 'B', 3, 2),
(87, 'B', 3, 3),
(88, 'B', 3, 4),
(89, 'B', 3, 5),
(90, 'B', 3, 6),
(91, 'B', 3, 7),
(92, 'B', 3, 8),
(93, 'B', 3, 9),
(94, 'B', 3, 10),
(95, 'B', 3, 11),
(96, 'B', 3, 12),
(97, 'B', 4, 1),
(98, 'B', 4, 2),
(99, 'B', 4, 3),
(100, 'B', 4, 4),
(101, 'B', 4, 5),
(102, 'B', 4, 6),
(103, 'B', 4, 7),
(104, 'B', 4, 8),
(105, 'B', 4, 9),
(106, 'B', 4, 10),
(107, 'B', 4, 11),
(108, 'B', 4, 12),
(109, 'B', 5, 1),
(110, 'B', 5, 2),
(111, 'B', 5, 3),
(112, 'B', 5, 4),
(113, 'B', 5, 5),
(114, 'B', 5, 6),
(115, 'B', 5, 7),
(116, 'B', 5, 8),
(117, 'B', 5, 9),
(118, 'B', 5, 10),
(119, 'B', 5, 11),
(120, 'B', 5, 12),
(121, 'C', 1, 1),
(122, 'C', 1, 2),
(123, 'C', 1, 3),
(124, 'C', 1, 4),
(125, 'C', 1, 5),
(126, 'C', 1, 6),
(127, 'C', 1, 7),
(128, 'C', 1, 8),
(129, 'C', 1, 9),
(130, 'C', 1, 10),
(131, 'C', 1, 11),
(132, 'C', 1, 12),
(133, 'C', 2, 1),
(134, 'C', 2, 2),
(135, 'C', 2, 3),
(136, 'C', 2, 4),
(137, 'C', 2, 5),
(138, 'C', 2, 6),
(139, 'C', 2, 7),
(140, 'C', 2, 8),
(141, 'C', 2, 9),
(142, 'C', 2, 10),
(143, 'C', 2, 11),
(144, 'C', 2, 12),
(145, 'C', 3, 1),
(146, 'C', 3, 2),
(147, 'C', 3, 3),
(148, 'C', 3, 4),
(149, 'C', 3, 5),
(150, 'C', 3, 6),
(151, 'C', 3, 7),
(152, 'C', 3, 8),
(153, 'C', 3, 9),
(154, 'C', 3, 10),
(155, 'C', 3, 11),
(156, 'C', 3, 12),
(157, 'C', 4, 1),
(158, 'C', 4, 2),
(159, 'C', 4, 3),
(160, 'C', 4, 4),
(161, 'C', 4, 5),
(162, 'C', 4, 6),
(163, 'C', 4, 7),
(164, 'C', 4, 8),
(165, 'C', 4, 9),
(166, 'C', 4, 10),
(167, 'C', 4, 11),
(168, 'C', 4, 12),
(169, 'C', 5, 1),
(170, 'C', 5, 2),
(171, 'C', 5, 3),
(172, 'C', 5, 4),
(173, 'C', 5, 5),
(174, 'C', 5, 6),
(175, 'C', 5, 7),
(176, 'C', 5, 8),
(177, 'C', 5, 9),
(178, 'C', 5, 10),
(179, 'C', 5, 11),
(180, 'C', 5, 12),
(181, 'D', 1, 1),
(182, 'D', 1, 2),
(183, 'D', 1, 3),
(184, 'D', 1, 4),
(185, 'D', 1, 5),
(186, 'D', 1, 6),
(187, 'D', 1, 7),
(188, 'D', 1, 8),
(189, 'D', 1, 9),
(190, 'D', 1, 10),
(191, 'D', 1, 11),
(192, 'D', 1, 12),
(193, 'D', 2, 1),
(194, 'D', 2, 2),
(195, 'D', 2, 3),
(196, 'D', 2, 4),
(197, 'D', 2, 5),
(198, 'D', 2, 6),
(199, 'D', 2, 7),
(200, 'D', 2, 8),
(201, 'D', 2, 9),
(202, 'D', 2, 10),
(203, 'D', 2, 11),
(204, 'D', 2, 12),
(205, 'D', 3, 1),
(206, 'D', 3, 2),
(207, 'D', 3, 3),
(208, 'D', 3, 4),
(209, 'D', 3, 5),
(210, 'D', 3, 6),
(211, 'D', 3, 7),
(212, 'D', 3, 8),
(213, 'D', 3, 9),
(214, 'D', 3, 10),
(215, 'D', 3, 11),
(216, 'D', 3, 12),
(217, 'D', 4, 1),
(218, 'D', 4, 2),
(219, 'D', 4, 3),
(220, 'D', 4, 4),
(221, 'D', 4, 5),
(222, 'D', 4, 6),
(223, 'D', 4, 7),
(224, 'D', 4, 8),
(225, 'D', 4, 9),
(226, 'D', 4, 10),
(227, 'D', 4, 11),
(228, 'D', 4, 12),
(229, 'D', 5, 1),
(230, 'D', 5, 2),
(231, 'D', 5, 3),
(232, 'D', 5, 4),
(233, 'D', 5, 5),
(234, 'D', 5, 6),
(235, 'D', 5, 7),
(236, 'D', 5, 8),
(237, 'D', 5, 9),
(238, 'D', 5, 10),
(239, 'D', 5, 11),
(240, 'D', 5, 12),
(241, 'E', 1, 1),
(242, 'E', 1, 2),
(243, 'E', 1, 3),
(244, 'E', 1, 4),
(245, 'E', 1, 5),
(246, 'E', 1, 6),
(247, 'E', 1, 7),
(248, 'E', 1, 8),
(249, 'E', 1, 9),
(250, 'E', 1, 10),
(251, 'E', 1, 11),
(252, 'E', 1, 12),
(253, 'E', 2, 1),
(254, 'E', 2, 2),
(255, 'E', 2, 3),
(256, 'E', 2, 4),
(257, 'E', 2, 5),
(258, 'E', 2, 6),
(259, 'E', 2, 7),
(260, 'E', 2, 8),
(261, 'E', 2, 9),
(262, 'E', 2, 10),
(263, 'E', 2, 11),
(264, 'E', 2, 12),
(265, 'E', 3, 1),
(266, 'E', 3, 2),
(267, 'E', 3, 3),
(268, 'E', 3, 4),
(269, 'E', 3, 5),
(270, 'E', 3, 6),
(271, 'E', 3, 7),
(272, 'E', 3, 8),
(273, 'E', 3, 9),
(274, 'E', 3, 10),
(275, 'E', 3, 11),
(276, 'E', 3, 12),
(277, 'E', 4, 1),
(278, 'E', 4, 2),
(279, 'E', 4, 3),
(280, 'E', 4, 4),
(281, 'E', 4, 5),
(282, 'E', 4, 6),
(283, 'E', 4, 7),
(284, 'E', 4, 8),
(285, 'E', 4, 9),
(286, 'E', 4, 10),
(287, 'E', 4, 11),
(288, 'E', 4, 12),
(289, 'E', 5, 1),
(290, 'E', 5, 2),
(291, 'E', 5, 3),
(292, 'E', 5, 4),
(293, 'E', 5, 5),
(294, 'E', 5, 6),
(295, 'E', 5, 7),
(296, 'E', 5, 8),
(297, 'E', 5, 9),
(298, 'E', 5, 10),
(299, 'E', 5, 11),
(300, 'E', 5, 12),
(301, 'F', 1, 1),
(302, 'F', 1, 2),
(303, 'F', 1, 3),
(304, 'F', 1, 4),
(305, 'F', 1, 5),
(306, 'F', 1, 6),
(307, 'F', 1, 7),
(308, 'F', 1, 8),
(309, 'F', 1, 9),
(310, 'F', 1, 10),
(311, 'F', 1, 11),
(312, 'F', 1, 12),
(313, 'F', 2, 1),
(314, 'F', 2, 2),
(315, 'F', 2, 3),
(316, 'F', 2, 4),
(317, 'F', 2, 5),
(318, 'F', 2, 6),
(319, 'F', 2, 7),
(320, 'F', 2, 8),
(321, 'F', 2, 9),
(322, 'F', 2, 10),
(323, 'F', 2, 11),
(324, 'F', 2, 12),
(325, 'F', 3, 1),
(326, 'F', 3, 2),
(327, 'F', 3, 3),
(328, 'F', 3, 4),
(329, 'F', 3, 5),
(330, 'F', 3, 6),
(331, 'F', 3, 7),
(332, 'F', 3, 8),
(333, 'F', 3, 9),
(334, 'F', 3, 10),
(335, 'F', 3, 11),
(336, 'F', 3, 12),
(337, 'F', 4, 1),
(338, 'F', 4, 2),
(339, 'F', 4, 3),
(340, 'F', 4, 4),
(341, 'F', 4, 5),
(342, 'F', 4, 6),
(343, 'F', 4, 7),
(344, 'F', 4, 8),
(345, 'F', 4, 9),
(346, 'F', 4, 10),
(347, 'F', 4, 11),
(348, 'F', 4, 12),
(349, 'F', 5, 1),
(350, 'F', 5, 2),
(351, 'F', 5, 3),
(352, 'F', 5, 4),
(353, 'F', 5, 5),
(354, 'F', 5, 6),
(355, 'F', 5, 7),
(356, 'F', 5, 8),
(357, 'F', 5, 9),
(358, 'F', 5, 10),
(359, 'F', 5, 11),
(360, 'F', 5, 12),
(361, 'G', 1, 1),
(362, 'G', 1, 2),
(363, 'G', 1, 3),
(364, 'G', 1, 4),
(365, 'G', 1, 5),
(366, 'G', 1, 6),
(367, 'G', 1, 7),
(368, 'G', 1, 8),
(369, 'G', 1, 9),
(370, 'G', 1, 10),
(371, 'G', 1, 11),
(372, 'G', 1, 12),
(373, 'G', 2, 1),
(374, 'G', 2, 2),
(375, 'G', 2, 3),
(376, 'G', 2, 4),
(377, 'G', 2, 5),
(378, 'G', 2, 6),
(379, 'G', 2, 7),
(380, 'G', 2, 8),
(381, 'G', 2, 9),
(382, 'G', 2, 10),
(383, 'G', 2, 11),
(384, 'G', 2, 12),
(385, 'G', 3, 1),
(386, 'G', 3, 2),
(387, 'G', 3, 3),
(388, 'G', 3, 4),
(389, 'G', 3, 5),
(390, 'G', 3, 6),
(391, 'G', 3, 7),
(392, 'G', 3, 8),
(393, 'G', 3, 9),
(394, 'G', 3, 10),
(395, 'G', 3, 11),
(396, 'G', 3, 12),
(397, 'G', 4, 1),
(398, 'G', 4, 2),
(399, 'G', 4, 3),
(400, 'G', 4, 4),
(401, 'G', 4, 5),
(402, 'G', 4, 6),
(403, 'G', 4, 7),
(404, 'G', 4, 8),
(405, 'G', 4, 9),
(406, 'G', 4, 10),
(407, 'G', 4, 11),
(408, 'G', 4, 12),
(409, 'G', 5, 1),
(410, 'G', 5, 2),
(411, 'G', 5, 3),
(412, 'G', 5, 4),
(413, 'G', 5, 5),
(414, 'G', 5, 6),
(415, 'G', 5, 7),
(416, 'G', 5, 8),
(417, 'G', 5, 9),
(418, 'G', 5, 10),
(419, 'G', 5, 11),
(420, 'G', 5, 12),
(421, 'H', 1, 1),
(422, 'H', 1, 2),
(423, 'H', 1, 3),
(424, 'H', 1, 4),
(425, 'H', 1, 5),
(426, 'H', 1, 6),
(427, 'H', 1, 7),
(428, 'H', 1, 8),
(429, 'H', 1, 9),
(430, 'H', 1, 10),
(431, 'H', 1, 11),
(432, 'H', 1, 12),
(433, 'H', 2, 1),
(434, 'H', 2, 2),
(435, 'H', 2, 3),
(436, 'H', 2, 4),
(437, 'H', 2, 5),
(438, 'H', 2, 6),
(439, 'H', 2, 7),
(440, 'H', 2, 8),
(441, 'H', 2, 9),
(442, 'H', 2, 10),
(443, 'H', 2, 11),
(444, 'H', 2, 12),
(445, 'H', 3, 1),
(446, 'H', 3, 2),
(447, 'H', 3, 3),
(448, 'H', 3, 4),
(449, 'H', 3, 5),
(450, 'H', 3, 6),
(451, 'H', 3, 7),
(452, 'H', 3, 8),
(453, 'H', 3, 9),
(454, 'H', 3, 10),
(455, 'H', 3, 11),
(456, 'H', 3, 12),
(457, 'H', 4, 1),
(458, 'H', 4, 2),
(459, 'H', 4, 3),
(460, 'H', 4, 4),
(461, 'H', 4, 5),
(462, 'H', 4, 6),
(463, 'H', 4, 7),
(464, 'H', 4, 8),
(465, 'H', 4, 9),
(466, 'H', 4, 10),
(467, 'H', 4, 11),
(468, 'H', 4, 12),
(469, 'H', 5, 1),
(470, 'H', 5, 2),
(471, 'H', 5, 3),
(472, 'H', 5, 4),
(473, 'H', 5, 5),
(474, 'H', 5, 6),
(475, 'H', 5, 7),
(476, 'H', 5, 8),
(477, 'H', 5, 9),
(478, 'H', 5, 10),
(479, 'H', 5, 11),
(480, 'H', 5, 12);

-- --------------------------------------------------------

--
-- Estrutura para tabela `location_product`
--

CREATE TABLE `location_product` (
  `id` int(11) NOT NULL,
  `product_id` int(11) NOT NULL,
  `location_id` int(11) NOT NULL,
  `expiry_date` date NOT NULL,
  `quantity` int(11) NOT NULL
) ENGINE=InnoDB DEFAULT CHARSET=utf8mb4 COLLATE=utf8mb4_general_ci;

-- --------------------------------------------------------

--
-- Estrutura para tabela `product`
--

CREATE TABLE `product` (
  `product_id` int(11) NOT NULL,
  `barcode` varchar(50) NOT NULL,
  `name` varchar(255) NOT NULL,
  `quantity` int(11) NOT NULL,
  `expiry_date` date NOT NULL,
  `location_id` int(11) NOT NULL
) ENGINE=InnoDB DEFAULT CHARSET=utf8mb4 COLLATE=utf8mb4_general_ci;

--
-- Despejando dados para a tabela `product`
--

INSERT INTO `product` (`product_id`, `barcode`, `name`, `quantity`, `expiry_date`, `location_id`) VALUES
(3, '5837036111395', 'Molho Shoyu Kikkoman', 717, '2025-07-09', 454),
(4, '8644791397916', 'Feijão Camil', 376, '2025-12-31', 327),
(5, '6518508804682', 'Iogurte Activia', 423, '2025-04-01', 211),
(7, '6309915843326', 'Biscoito Bono', 977, '2025-07-11', 325),
(8, '6994407079760', 'Farinha de Mandioca Yoki', 292, '2025-04-23', 335),
(9, '2325475874309', 'Leite de Coco Sococo', 833, '2025-03-31', 290),
(10, '2096152481931', 'Detergente Ypê', 951, '2025-05-22', 419),
(11, '5829821739460', 'Café Pilão', 792, '2025-08-25', 300),
(12, '2981340260354', 'Mel Karuna', 935, '2025-12-13', 53),
(13, '9242566855993', 'Arroz Tio João', 849, '2025-06-02', 276),
(14, '3562877317323', 'Maionese Aioli Hellmann\'s', 697, '2025-07-06', 106),
(15, '4317477390030', 'Cerveja Skol', 281, '2025-10-29', 220),
(16, '3460200399705', 'Molho de Soja Kikkoman', 414, '2025-04-22', 109),
(17, '1181243668487', 'Granola Mãe Terra', 123, '2025-06-12', 444),
(18, '8630990782009', 'Molho Barbecue Heinz', 580, '2025-07-27', 73),
(19, '9908756306718', 'Peito de Frango Sadia', 493, '2026-01-05', 440),
(20, '8583549296373', 'Bolacha Maisena', 366, '2025-07-25', 114),
(21, '6412431324315', 'Detergente Ypê', 720, '2025-03-31', 195),
(22, '8514096268040', 'Mel Karuna', 157, '2026-01-04', 279),
(23, '1578391109777', 'Iogurte Activia', 747, '2025-08-13', 151),
(24, '1112054078683', 'Salgadinhos Cheetos', 487, '2025-09-30', 370),
(25, '5043825979437', 'Maionese Aioli Hellmann\'s', 733, '2025-08-02', 208),
(26, '1638094738562', 'Guaraná Jesus', 390, '2025-09-11', 142),
(27, '4896203789456', 'Papel Higiênico Neve', 689, '2025-06-19', 319),
(28, '7739040529388', 'Queijo Gouda', 381, '2025-05-08', 136),
(29, '4665491295563', 'Biscoito Bono', 86, '2025-03-19', 16),
(30, '4498776727201', 'Maionese Hellmann’s', 115, '2025-09-06', 74),
(31, '9001629752041', 'Molho Shoyu Kikkoman', 156, '2025-04-12', 405),
(32, '2944736475670', 'Feijão Camil', 545, '2025-12-23', 362),
(33, '2617517566592', 'Óleo de Soja Liza', 776, '2025-06-20', 257),
(34, '6634795725313', 'Bala Soft', 283, '2025-11-23', 370),
(35, '3428135553032', 'Maionese Hellmann’s', 514, '2025-08-17', 77),
(36, '8259189109224', 'Queijo Parmesão Grana Padano', 106, '2025-09-07', 52),
(37, '6761331039185', 'Maionese Hellmann’s', 554, '2025-03-25', 141),
(38, '3203711914734', 'Guardanapo Millenium', 573, '2025-05-19', 211),
(39, '9130188625416', 'Sopas Knorr', 139, '2025-03-02', 268),
(40, '2535619201526', 'Creme de Leite Nestlé', 518, '2025-12-06', 320),
(41, '1430174795186', 'Creme de Leite Nestlé', 728, '2025-10-31', 404),
(42, '4691915677813', 'Papel Higiênico Neve', 535, '2025-10-30', 334),
(43, '3707478412157', 'Condicionador Pantene', 429, '2025-09-21', 32),
(44, '5798121065376', 'Salgadinhos Cheetos', 516, '2025-03-04', 169),
(45, '9212133915344', 'Queijo Parmesão Grana Padano', 625, '2025-07-25', 403),
(46, '2851399168423', 'Requeijão Catupiry', 343, '2025-07-02', 233),
(47, '7309802233256', 'Ketchup Hellmann\'s', 915, '2025-08-19', 407),
(48, '8391931964500', 'Requeijão Catupiry', 349, '2025-08-03', 88),
(49, '6412899562947', 'Salgadinhos Fandangos', 504, '2026-01-26', 238),
(50, '2147396941664', 'Papel Higiênico Neve', 436, '2025-06-21', 293),
(51, '2487122698203', 'Vinagre Castelo', 879, '2025-07-30', 24),
(52, '9595162685520', 'Margarina Qualy', 734, '2026-01-25', 279),
(53, '9305806483116', 'Suco de Uva Concentrado Maguari', 287, '2025-10-16', 54),
(54, '2774695802434', 'Shampoo Head & Shoulders', 378, '2026-02-08', 336),
(55, '5691700592134', 'Queijo Gorgonzola', 933, '2025-04-13', 366),
(57, '9760246770290', 'Detergente Ypê', 131, '2025-09-01', 367),
(58, '9622933745352', 'Creme de Arroz Minuto', 907, '2025-04-10', 22),
(59, '8609405670685', 'Mostarda Heinz', 5, '2025-07-27', 171),
(60, '1680948782923', 'Salgadinhos Ruffles', 901, '2025-09-12', 374),
(61, '3793320326768', 'Cebola Peletizada Yoki', 480, '2025-07-16', 430),
(62, '3008578988023', 'Manteiga Tirol', 184, '2025-04-25', 183),
(63, '4354795026323', 'Achocolatado Toddy', 299, '2025-12-18', 375),
(64, '3202843510080', 'Queijo Minas Frescal Itambé', 294, '2025-07-15', 261),
(65, '6441998230786', 'Gelatina Ligth Dr Oetker', 377, '2025-05-04', 333),
(66, '4214363752800', 'Queijo Gouda', 895, '2025-06-13', 267),
(67, '3009108279515', 'Chocolates Kopenhagen', 970, '2025-08-06', 182),
(68, '2846755492473', 'Tomate Pelado Pomarola', 4, '2025-09-04', 256),
(69, '9541693600436', 'Queijo Prato', 130, '2025-06-06', 262),
(70, '8841992709824', 'Molho Shoyu Kikkoman', 889, '2025-11-03', 351),
(71, '4119625080335', 'Desodorante Rexona', 287, '2025-08-05', 116),
(72, '1145334814470', 'Sal Defumado Salfin', 881, '2026-01-23', 218),
(73, '5191482813549', 'Creme de Leite Nestlé', 873, '2025-06-03', 400),
(74, '8714223741085', 'Papel Higiênico Neve', 574, '2025-06-05', 266),
(75, '2742234861319', 'Queijo Minas Frescal Itambé', 953, '2025-05-12', 20),
(76, '6924258782714', 'Whey Protein Integralmedica', 570, '2026-02-07', 437),
(77, '3439335868858', 'Sabonete Dove', 419, '2025-08-07', 289),
(78, '5099776690028', 'Salgadinhos Fandangos', 165, '2025-10-04', 204),
(80, '8387947249096', 'Lasanha Sadia', 663, '2025-10-19', 215),
(81, '4566028889856', 'Desodorante Rexona', 625, '2025-06-19', 366),
(82, '5213552309955', 'Sal Defumado Salfin', 583, '2025-12-02', 50),
(83, '8217222663654', 'Ketchup Hellmann\'s', 173, '2025-10-25', 359),
(84, '2407538336738', 'Água Mineral Crystal', 681, '2026-01-11', 83),
(85, '5293759591252', 'Granola Mãe Terra', 740, '2026-02-19', 408),
(86, '8365645855704', 'Macarrão Nissin', 180, '2025-11-24', 251),
(87, '5068127259050', 'Mel Karuna', 500, '2025-09-16', 158),
(88, '3849327454295', 'Presunto Perdigão', 507, '2026-01-19', 288),
(89, '6305499480536', 'Manteiga Tirol', 744, '2025-10-28', 59),
(90, '7058450646188', 'Ketchup Heinz', 288, '2025-10-27', 143),
(91, '4451454887146', 'Maionese Aioli Hellmann\'s', 714, '2026-02-17', 117),
(92, '4111392192379', 'Queijo Prato', 955, '2025-08-20', 431),
(93, '5226307762940', 'Biscoito Bono', 429, '2025-09-30', 390),
(94, '3721062349751', 'Ketchup Heinz', 89, '2025-08-30', 138),
(95, '1481997354900', 'Salgadinhos Cheetos', 379, '2026-02-03', 329),
(96, '3178649123976', 'Iogurte Activia', 868, '2025-11-18', 288),
(97, '4939275205048', 'Maionese Hellmann’s', 639, '2025-12-06', 32),
(98, '9339014588771', 'Condicionador Pantene', 85, '2025-06-23', 286),
(99, '5817782335343', 'Sabonete Dove', 376, '2025-09-13', 303),
(100, '7434265388191', 'Margarina Qualy', 891, '2025-06-10', 90),
(101, '4308858647202', 'Molho Barbecue Heinz', 39, '2025-11-03', 98),
(102, '5923592861105', 'Lasanha Sadia', 746, '2025-08-16', 416),
(103, '6554686443541', 'Presunto Perdigão', 488, '2025-07-02', 238),
(104, '9075764592099', 'Leite de Coco Sococo', 467, '2026-02-12', 355),
(105, '7366487832277', 'Salgadinhos Ruffles', 276, '2025-06-09', 146),
(106, '8509158748763', 'Suco de Uva Concentrado Maguari', 549, '2025-03-18', 291),
(107, '6451623371001', 'Manteiga Aviação', 729, '2026-01-31', 449),
(108, '8210202938164', 'Alho Picado Yoki', 363, '2025-09-19', 419),
(109, '1454875788237', 'Alho Picado Yoki', 360, '2025-05-30', 266),
(110, '2265843110040', 'Biscoito Bono', 4, '2025-07-07', 212),
(111, '1733341024950', 'Arroz Tio João', 339, '2025-08-19', 15),
(112, '9290764745724', 'Arroz Tio João', 431, '2025-08-01', 335),
(113, '7354240507134', 'Mel Karuna', 580, '2026-02-19', 362),
(114, '1755365660985', 'Condicionador Pantene', 607, '2026-02-16', 70),
(115, '1498082877327', 'Salsicha Perdigão', 431, '2025-07-30', 281),
(116, '6911449319258', 'Toalhas Neve', 695, '2025-11-12', 1),
(117, '3797541589686', 'Vinagre Castelo', 203, '2026-01-21', 31),
(118, '9580975567839', 'Bolacha Cream Cracker', 389, '2025-07-29', 364),
(119, '9948884210862', 'Maionese Aioli Hellmann\'s', 6, '2025-11-03', 441),
(120, '3429396800571', 'Suco Del Valle', 740, '2025-07-16', 4),
(121, '3857937530331', 'Açúcar União', 919, '2025-07-23', 116),
(122, '2854222918950', 'Queijo Prato', 492, '2025-03-04', 422),
(123, '9623628711903', 'Creme de Leite Nestlé', 178, '2025-09-29', 240),
(124, '4845467401822', 'Refrigerante Guaraná Antarctica', 710, '2025-10-03', 172),
(125, '2235365782724', 'Leite Condensado Moça', 961, '2025-11-12', 299),
(126, '4903868089660', 'Molho Barbecue Heinz', 419, '2025-03-03', 355),
(128, '7362595688860', 'Macarrão Nissin', 545, '2025-08-19', 382),
(129, '6247279636671', 'Salgadinhos Fandangos', 700, '2025-11-30', 305),
(130, '6769940771377', 'Granola Mãe Terra', 761, '2026-02-12', 193),
(131, '8442047066886', 'Gelatina Ligth Dr Oetker', 679, '2025-04-07', 446),
(132, '7547573668872', 'Farinha de Mandioca Yoki', 902, '2025-11-03', 440),
(133, '7173990349070', 'Creme de Arroz Minuto', 208, '2025-04-19', 74),
(134, '8243886857705', 'Cerveja Skol', 651, '2025-12-04', 390),
(135, '8620915009467', 'Creme de Leite Nestlé', 530, '2025-07-17', 77),
(136, '6414470538922', 'Leite de Coco Sococo', 658, '2025-11-04', 137),
(137, '5773769258753', 'Leite de Coco Sococo', 846, '2025-06-07', 105),
(138, '1213665071125', 'Maionese Hellmann’s', 363, '2025-06-23', 331),
(139, '7094746827634', 'Chocolates Garoto', 424, '2025-05-22', 67),
(140, '9061827087482', 'Queijo Parmesão Grana Padano', 203, '2025-03-30', 139),
(141, '1831408848159', 'Leite de Coco Sococo', 542, '2025-03-07', 398),
(142, '7596527390429', 'Farinha de Trigo Dona Benta', 351, '2026-01-05', 60),
(143, '3342108352155', 'Salgadinhos Ruffles', 166, '2025-12-13', 359),
(144, '3259470000074', 'Salgadinhos Fandangos', 131, '2025-03-23', 17),
(145, '2696235812841', 'Desodorante Rexona', 826, '2026-02-09', 112),
(146, '8873701485025', 'Salgadinhos Fandangos', 553, '2025-05-19', 245),
(147, '5720964868234', 'Açúcar União', 957, '2025-11-01', 1),
(148, '4434162514428', 'Bala Soft', 647, '2025-03-02', 368),
(149, '5396068157649', 'Café 3 Corações', 15, '2025-12-29', 217),
(150, '5591345491176', 'Cebola Peletizada Yoki', 308, '2025-04-01', 12),
(152, '9601720870257', 'Sabonete Dove', 35, '2025-03-31', 384),
(153, '6736752145107', 'Óleo de Soja Liza', 93, '2026-02-16', 22),
(154, '6647758565520', 'Chá Lipton', 320, '2025-06-25', 265),
(155, '2145197670234', 'Manteiga Tirol', 585, '2026-01-16', 339),
(156, '8751252748866', 'Lasanha Sadia', 368, '2025-09-13', 132),
(157, '7203772852613', 'Presunto Perdigão', 165, '2025-06-16', 112),
(158, '7935826736142', 'Chocolates Garoto', 935, '2025-10-03', 450),
(159, '8193631174446', 'Refrigerante Guaraná Antarctica', 779, '2025-10-26', 450),
(160, '1373381170759', 'Presunto Perdigão', 84, '2025-08-27', 90),
(161, '8919532792961', 'Café Pilão', 208, '2025-12-04', 205),
(162, '7941519914996', 'Maionese Aioli Hellmann\'s', 258, '2025-12-21', 120),
(163, '1602417075426', 'Cerveja Skol', 334, '2025-04-09', 180),
(164, '5290663290266', 'Sopas Knorr', 639, '2025-12-09', 245),
(165, '7117567584238', 'Sabonete Dove', 400, '2025-10-19', 299),
(166, '7085155572253', 'Carne Moída Friboi', 135, '2025-04-05', 197),
(167, '9511467939785', 'Molho Barbecue Heinz', 538, '2025-05-16', 389),
(168, '7879567310580', 'Queijo Brie', 113, '2025-03-24', 215),
(169, '8315952584547', 'Granola Mãe Terra', 64, '2025-11-14', 357),
(170, '9077510426812', 'Creme de Arroz Minuto', 136, '2025-04-23', 427),
(171, '7305253326279', 'Mostarda Heinz', 388, '2026-02-14', 22),
(172, '6313934452646', 'Suco de Uva Concentrado Maguari', 483, '2025-07-09', 293),
(173, '1770049964706', 'Mostarda Gourmet Heinz', 117, '2025-10-04', 220),
(174, '5494903169914', 'Café Pilão', 783, '2025-06-04', 380),
(175, '8955853942054', 'Ketchup Hellmann\'s', 203, '2026-02-20', 228),
(176, '7469671408016', 'Bolacha Cream Cracker', 241, '2025-06-02', 304),
(177, '9123659434238', 'Ketchup Heinz', 174, '2025-08-31', 413),
(178, '2815114779947', 'Cebola Peletizada Yoki', 973, '2025-05-16', 52),
(179, '7630183237989', 'Manteiga Tirol', 624, '2025-12-09', 429),
(180, '8930572330669', 'Pimenta do Reino Pfeffer', 398, '2025-05-09', 91),
(181, '3549593305791', 'Creme de Leite Nestlé', 671, '2025-12-25', 328),
(182, '4592759169074', 'Bala Soft', 540, '2025-03-10', 355),
(183, '7116493634771', 'Suco de Laranja Natural', 964, '2025-10-20', 348),
(184, '2099421044045', 'Salgadinhos Cheetos', 234, '2025-12-05', 254),
(185, '1497114345979', 'Toalhas Neve', 799, '2026-01-07', 268),
(186, '9976217376037', 'Salgadinhos Ruffles', 380, '2025-04-01', 409),
(187, '4655786429216', 'Queijo Prato', 434, '2025-03-24', 390),
(188, '7571882539727', 'Bolacha Trakinas', 626, '2025-06-07', 32),
(189, '2632904057427', 'Chips Lay\'s', 790, '2025-04-03', 239),
(190, '7387415144376', 'Molho Shoyu Kikkoman', 15, '2025-04-30', 396),
(191, '5106511037844', 'Guaraná Jesus', 691, '2025-08-18', 264),
(192, '4164375415059', 'Arroz Tio João', 514, '2025-10-06', 288),
(193, '5829847186821', 'Mostarda Heinz', 18, '2025-10-16', 179),
(194, '9595682990960', 'Óleo de Soja Liza', 239, '2025-06-09', 57),
(195, '4312841097726', 'Chips Lay\'s', 454, '2025-09-24', 43),
(196, '9647247290451', 'Macarrão Nissin', 901, '2026-01-13', 363),
(197, '1562424568557', 'Ketchup Heinz', 24, '2026-01-02', 428),
(198, '5651266661907', 'Queijo Minas Frescal Itambé', 91, '2026-01-14', 344),
(199, '3147685741688', 'Queijo Gouda', 719, '2025-12-26', 219),
(200, '5275337118321', 'Ketchup Hellmann\'s', 97, '2026-02-13', 16),
(201, '2789367512640', 'Água Mineral Crystal', 2, '2025-09-27', 81),
(202, '7178556707680', 'Alho Granum', 517, '2025-05-06', 375),
(203, '6847281915851', 'Farinha de Trigo Dona Benta', 885, '2025-11-22', 287),
(204, '2034537637318', 'Mostarda Heinz', 525, '2025-03-28', 43),
(205, '6932880050480', 'Manteiga Aviação', 181, '2025-05-04', 41),
(206, '6625424868576', 'Maionese Hellmann’s', 53, '2025-09-22', 127),
(208, '1098730160125', 'Refrigerante Coca-Cola', 158, '2025-03-30', 285),
(209, '6589240200596', 'Suco de Laranja Natural', 266, '2025-09-10', 21),
(210, '1811476355318', 'Toalhas Neve', 353, '2025-08-13', 170),
(211, '6416143620437', 'Presunto Perdigão', 14, '2026-01-06', 22),
(212, '8561135771258', 'Chá Lipton', 308, '2025-10-13', 78),
(213, '6994653180271', 'Shampoo Head & Shoulders', 188, '2025-02-23', 259),
(214, '9129322247857', 'Granola Mãe Terra', 502, '2025-03-06', 391),
(215, '1651480253192', 'Tomate Pelado Pomarola', 829, '2025-07-03', 312),
(216, '9994031194252', 'Peito de Frango Sadia', 5, '2025-10-16', 303),
(217, '7026463414991', 'Cerveja Brahma', 539, '2025-10-30', 142),
(218, '6434148234564', 'Papel Toalha Scott', 868, '2026-02-13', 443),
(219, '9171651041548', 'Alho Granum', 822, '2025-04-22', 423),
(220, '5882335658136', 'Shampoo Head & Shoulders', 16, '2025-08-01', 128),
(221, '2209071486733', 'Manteiga Aviação', 687, '2025-12-17', 253),
(222, '4033518560882', 'Salgadinhos Fandangos', 68, '2025-08-27', 170),
(223, '3762152514678', 'Azeite Extra Virgem Gallo', 534, '2025-06-08', 131),
(224, '4002070901925', 'Refrigerante Guaraná Antarctica', 181, '2025-08-08', 82),
(225, '9750670949057', 'Feijão Camil', 701, '2025-10-22', 114),
(226, '2602222020697', 'Manteiga Aviação', 957, '2026-01-18', 302),
(227, '5403384049279', 'Suco Del Valle', 139, '2025-11-23', 298),
(228, '9961496540720', 'Creme de Arroz Minuto', 971, '2025-08-10', 448),
(229, '7598319398886', 'Biscoito Bono', 340, '2025-06-10', 140),
(230, '3276574418429', 'Creme de Arroz Minuto', 434, '2025-06-14', 288),
(231, '9100946427684', 'Maionese Aioli Hellmann\'s', 640, '2025-08-23', 398),
(232, '5099266797549', 'Mostarda Heinz', 25, '2025-07-05', 296),
(233, '9867132779445', 'Shampoo Head & Shoulders', 426, '2025-12-24', 366),
(234, '3143868500531', 'Ketchup Hellmann\'s', 116, '2025-06-16', 281),
(235, '6055295351233', 'Sabão em Pó Omo', 832, '2026-01-21', 23),
(236, '2184789923539', 'Bolacha Trakinas', 322, '2025-03-05', 29),
(237, '4534737315460', 'Salgadinhos Fandangos', 164, '2025-05-28', 205),
(239, '3013513670868', 'Sal Defumado Salfin', 586, '2025-12-18', 64),
(240, '5892154762223', 'Queijo Parmesão Grana Padano', 687, '2025-07-17', 311),
(241, '8410166640378', 'Ketchup Heinz', 318, '2025-09-07', 60),
(242, '8215639295778', 'Leite de Coco Sococo', 159, '2025-12-19', 380),
(243, '9806077614121', 'Queijo Parmesão Grana Padano', 521, '2025-05-28', 242),
(244, '6838091112105', 'Salgadinhos Cheetos', 395, '2025-04-03', 343),
(245, '4790844896577', 'Queijo Gorgonzola', 595, '2025-08-11', 330),
(246, '2446231257001', 'Chocolate Lollo', 138, '2025-04-19', 329),
(247, '4767165292440', 'Maionese Aioli Hellmann\'s', 238, '2026-02-21', 9),
(248, '6230733079235', 'Pimenta do Reino Pfeffer', 289, '2025-09-08', 146),
(249, '2717861007034', 'Molho Pesto Barilla', 419, '2025-06-08', 181),
(250, '3063467937327', 'Whey Protein Integralmedica', 386, '2025-05-08', 103),
(251, '1598996665056', 'Leite de Coco Sococo', 844, '2025-03-29', 324),
(252, '6036170031161', 'Chips Lay\'s', 910, '2025-12-11', 372),
(253, '1103433084851', 'Queijo Minas Frescal Itambé', 302, '2026-02-17', 44),
(254, '1852588318603', 'Whey Protein Integralmedica', 89, '2026-02-09', 93),
(255, '5708434794160', 'Ketchup Heinz', 823, '2025-10-28', 388),
(256, '4756832486488', 'Feijão Camil', 195, '2026-02-06', 292),
(257, '4328010601647', 'Fraldas Pampers', 635, '2025-09-01', 81),
(258, '7190225635751', 'Frutas desidratadas Fruitlife', 563, '2025-11-19', 30),
(259, '4865656777861', 'Água Mineral Crystal', 451, '2025-12-09', 342),
(260, '4578821439514', 'Frutas desidratadas Fruitlife', 720, '2025-09-07', 146),
(261, '2815027510709', 'Vinagre Castelo', 683, '2026-02-18', 402),
(262, '9823461794592', 'Óleo de Soja Liza', 594, '2025-05-29', 231),
(263, '1189776776433', 'Carne Moída Friboi', 910, '2025-11-12', 71),
(264, '7274741181393', 'Margarina Qualy', 47, '2025-03-02', 273),
(265, '1145172859662', 'Chá Lipton', 19, '2025-09-03', 282),
(266, '1541212989906', 'Chá Matte Leão', 444, '2025-10-22', 438),
(267, '3296736714557', 'Guaraná Jesus', 190, '2025-04-18', 444),
(268, '5914881357456', 'Azeite Extra Virgem Gallo', 648, '2025-05-02', 128),
(269, '3445457843410', 'Salsicha Perdigão', 546, '2025-11-29', 167),
(270, '8256082438190', 'Óleo de Soja Soya', 675, '2026-02-17', 91),
(271, '7157790381581', 'Salgadinhos Cheetos', 412, '2025-06-15', 167),
(272, '6757618188406', 'Ketchup Hellmann\'s', 787, '2026-02-11', 137),
(273, '7210605689420', 'Farinha de Trigo Dona Benta', 555, '2025-08-02', 69),
(274, '9567380464582', 'Suco Del Valle', 296, '2026-01-24', 366),
(275, '1847033191134', 'Azeite Extra Virgem Gallo', 918, '2025-07-06', 231),
(276, '1715810630666', 'Papel Toalha Scott', 510, '2025-10-27', 344),
(277, '6688827340848', 'Desodorante Rexona', 663, '2025-12-16', 142),
(278, '2806907006045', 'Pipoca Yoki', 881, '2025-08-05', 39),
(279, '3548461649190', 'Molho Barbecue Heinz', 943, '2026-02-03', 199),
(280, '4084596477155', 'Salgadinhos Cheetos', 400, '2026-01-06', 14),
(281, '7594299363952', 'Óleo de Soja Liza', 477, '2025-08-29', 114),
(282, '9587353066175', 'Óleo de Soja Liza', 43, '2025-07-05', 396),
(283, '8702049198232', 'Mostarda Heinz', 687, '2025-03-20', 140),
(284, '1859181152994', 'Molho Shoyu Kikkoman', 310, '2025-10-17', 323),
(285, '6591002361826', 'Carne Moída Friboi', 705, '2025-05-20', 415),
(286, '6984242417782', 'Salsicha Perdigão', 435, '2025-09-25', 368),
(287, '8670614179380', 'Farinha de Trigo Dona Benta', 970, '2025-12-22', 336),
(288, '6244759549841', 'Queijo Prato', 257, '2026-02-19', 84),
(289, '3741425099010', 'Suco de Laranja Natural', 303, '2026-02-17', 161),
(290, '8270955186802', 'Farinha de Mandioca Yoki', 681, '2025-09-04', 347),
(291, '4010515172713', 'Mostarda Heinz', 934, '2025-06-29', 211),
(292, '1161175469353', 'Frutas desidratadas Fruitlife', 662, '2026-02-01', 141),
(293, '7722945739871', 'Suco de Uva Concentrado Maguari', 184, '2025-05-17', 140),
(294, '8848218877195', 'Gelatina Ligth Dr Oetker', 576, '2025-10-19', 87),
(295, '9846101840373', 'Pipoca Yoki', 138, '2025-07-02', 60),
(296, '8763327885387', 'Salsicha Perdigão', 533, '2025-11-06', 134),
(297, '7568081556396', 'Chocolate Lacta', 154, '2025-06-02', 448),
(298, '5877448280271', 'Óleo de Soja Liza', 828, '2025-06-03', 226),
(299, '5777950401909', 'Macarrão Nissin', 900, '2025-05-30', 361),
(300, '6842366159377', 'Queijo Prato', 191, '2025-11-04', 239),
(301, '5182149594526', 'Frutas desidratadas Fruitlife', 567, '2025-11-22', 232),
(302, '6200723640408', 'Leite de Coco Sococo', 185, '2026-01-13', 218),
(303, '5514882349205', 'Leite Condensado Moça', 884, '2025-11-27', 361),
(304, '5262666113514', 'Creme de Leite Nestlé', 181, '2025-07-13', 344),
(305, '6505784784245', 'Creme de Arroz Minuto', 967, '2025-05-15', 273),
(306, '8302171181114', 'Chips Lay\'s', 797, '2025-05-11', 76),
(307, '1327952729874', 'Farinha de Trigo Dona Benta', 804, '2025-05-10', 339),
(308, '8348917707484', 'Sabão em Pó Omo', 368, '2026-01-02', 454),
(309, '2333472638225', 'Sabão em Pó Omo', 130, '2025-12-16', 101),
(310, '2320312431754', 'Manteiga Tirol', 437, '2025-06-25', 358),
(311, '5821677886834', 'Molho de Soja Kikkoman', 244, '2025-02-25', 340),
(312, '3349411053508', 'Sabonete Dove', 418, '2025-08-16', 182),
(313, '7125439948533', 'Salsicha Perdigão', 720, '2025-12-31', 20),
(314, '9743551977110', 'Biscoito Wafer Bauducco', 603, '2025-10-21', 184),
(315, '2929553675320', 'Bolacha Cream Cracker', 840, '2026-02-02', 106),
(316, '4740181232231', 'Frutas desidratadas Fruitlife', 394, '2025-05-04', 378),
(317, '2797289217817', 'Biscuits Piraquê', 768, '2026-01-08', 382),
(318, '7882913541120', 'Chocolate Lollo', 870, '2025-10-18', 189),
(319, '1522885888642', 'Bolacha Trakinas', 874, '2025-06-03', 129),
(320, '3601510668392', 'Sal Defumado Salfin', 360, '2025-06-17', 58),
(321, '8277415883657', 'Farinha de Trigo Dona Benta', 445, '2025-04-03', 130),
(322, '3707828639624', 'Sabonete Dove', 580, '2025-03-27', 423),
(323, '9325000588646', 'Condicionador Pantene', 16, '2025-05-03', 249),
(324, '1944045080324', 'Sabonete Dove', 243, '2025-07-08', 371),
(326, '1607631986638', 'Bolacha Maisena', 221, '2025-04-26', 358),
(327, '6927797346178', 'Suco de Laranja Natural', 628, '2025-08-10', 348),
(328, '4782475986288', 'Frutas desidratadas Fruitlife', 492, '2025-08-11', 350),
(329, '2407916833847', 'Tomate Pelado Pomarola', 927, '2025-08-30', 315),
(330, '4818484432654', 'Papel Higiênico Neve', 979, '2026-02-07', 266),
(331, '4895179156166', 'Bolacha Trakinas', 74, '2025-03-11', 52),
(332, '3284081061404', 'Manteiga Aviação', 969, '2026-02-01', 136),
(333, '4890431894926', 'Queijo Gorgonzola', 520, '2025-10-24', 108),
(334, '7985613799358', 'Queijo Prato', 123, '2026-01-21', 317),
(335, '7963500097642', 'Molho Pesto Barilla', 798, '2025-07-13', 252),
(336, '3241098662212', 'Molho Pesto Barilla', 348, '2025-10-23', 39),
(337, '5868561951471', 'Arroz Tio João', 147, '2025-04-08', 98),
(338, '2645360336735', 'Ketchup Hellmann\'s', 576, '2025-08-07', 158),
(339, '1748149503604', 'Frutas desidratadas Fruitlife', 175, '2025-03-07', 369),
(340, '8450729401237', 'Chocolate Lacta', 585, '2025-11-09', 66),
(341, '8776979529153', 'Óleo de Soja Soya', 849, '2026-02-05', 164),
(342, '2058382906887', 'Ketchup Heinz', 909, '2025-08-27', 150),
(343, '7201037878253', 'Refrigerante Guaraná Antarctica', 602, '2025-08-19', 143),
(344, '9699205249453', 'Salgadinhos Cheetos', 49, '2025-09-02', 21),
(345, '5432932416885', 'Ketchup Heinz', 311, '2025-05-02', 379),
(346, '8065039899550', 'Tomate Pelado Pomarola', 126, '2025-02-25', 144),
(347, '3493593598580', 'Creme de Leite Nestlé', 231, '2026-02-15', 105),
(348, '3997994803322', 'Cerveja Skol', 378, '2025-09-07', 298),
(349, '6618117060519', 'Suco de Laranja Natural', 718, '2025-10-27', 421),
(350, '6533737139852', 'Manteiga Tirol', 128, '2026-02-11', 390),
(351, '4647057949246', 'Água Mineral Crystal', 433, '2025-05-13', 258),
(352, '2218980206979', 'Pimenta do Reino Pfeffer', 302, '2025-05-20', 38),
(353, '7732422669672', 'Margarina Qualy', 73, '2025-06-28', 211),
(354, '8040521612720', 'Cebola Peletizada Yoki', 282, '2025-07-19', 9),
(355, '4464414209716', 'Condicionador Pantene', 72, '2025-06-03', 128),
(356, '7945714830671', 'Ketchup Heinz', 602, '2025-03-10', 220),
(357, '3351028092874', 'Arroz Tio João', 540, '2025-04-02', 200),
(358, '1315923117353', 'Queijo Brie', 745, '2025-04-14', 424),
(359, '4862139012462', 'Sabonete Dove', 104, '2025-07-14', 193),
(360, '6923615147185', 'Lasanha Sadia', 258, '2025-10-13', 82),
(361, '4381244353843', 'Macarrão Nissin', 686, '2025-05-05', 77),
(362, '4889273054704', 'Queijo Gorgonzola', 856, '2025-12-14', 430),
(363, '3072826817995', 'Achocolatado Toddy', 202, '2026-02-14', 93),
(364, '8027238848911', 'Suco Del Valle', 349, '2025-09-04', 367),
(365, '8361047498595', 'Requeijão Catupiry', 809, '2025-12-02', 168),
(366, '3208489984280', 'Sabonete Dove', 125, '2025-07-21', 402),
(367, '4650673423495', 'Detergente Ypê', 25, '2025-11-29', 3),
(368, '4495169252201', 'Biscoito Bono', 222, '2025-09-09', 180),
(369, '5357358227115', 'Molho Pesto Barilla', 204, '2025-07-11', 293),
(370, '9228966265463', 'Ketchup Heinz', 375, '2025-09-04', 227),
(371, '2250225739935', 'Molho de Soja Kikkoman', 57, '2025-08-07', 106),
(372, '3328720145311', 'Requeijão Catupiry', 758, '2025-07-01', 10),
(373, '2737713864016', 'Chips Lay\'s', 173, '2025-09-08', 162),
(374, '7136171520260', 'Sabonete Dove', 691, '2025-08-25', 193),
(375, '7036447435794', 'Óleo de Soja Liza', 53, '2025-06-15', 17),
(376, '9352890783831', 'Ketchup Hellmann\'s', 728, '2025-07-28', 34),
(377, '9314948674719', 'Molho de Soja Kikkoman', 142, '2026-01-10', 32),
(378, '8926845411791', 'Bolacha Maisena', 471, '2025-12-12', 369),
(379, '9569090317294', 'Sabonete Dove', 373, '2025-06-04', 435),
(380, '5601890039059', 'Bolacha Cream Cracker', 447, '2025-05-03', 143),
(381, '7219470163495', 'Café Pilão', 904, '2025-07-17', 7),
(382, '5576268873916', 'Queijo Parmesão Grana Padano', 376, '2026-02-14', 422),
(383, '9206979785896', 'Achocolatado Toddy', 710, '2025-06-17', 189),
(384, '4063371737463', 'Sal Defumado Salfin', 632, '2025-10-01', 225),
(385, '8586450059096', 'Azeite Extra Virgem Gallo', 687, '2026-02-02', 99),
(386, '4704875498516', 'Bolacha Maisena', 557, '2025-02-25', 342),
(387, '3015820841691', 'Salsicha Perdigão', 873, '2025-02-27', 423),
(389, '4125036187345', 'Detergente Ypê', 871, '2025-12-30', 299),
(390, '6694974167913', 'Refrigerante Guaraná Antarctica', 762, '2025-08-24', 43),
(391, '8850473449957', 'Fraldas Pampers', 279, '2025-03-26', 390),
(392, '3338637287586', 'Tomate Pelado Pomarola', 456, '2025-09-03', 87),
(393, '3744314591923', 'Cerveja Skol', 624, '2025-12-23', 316),
(394, '7513837537233', 'Farinha de Mandioca Yoki', 349, '2025-03-04', 10),
(395, '5015157846356', 'Molho Shoyu Kikkoman', 585, '2026-01-03', 328),
(396, '4975639027920', 'Sabão em Pó Omo', 236, '2025-04-11', 357),
(397, '6240567760519', 'Carne Moída Friboi', 241, '2025-05-30', 43),
(398, '7384254746105', 'Leite Condensado Moça', 436, '2025-09-22', 412),
(399, '4771266145090', 'Ketchup Heinz', 368, '2025-12-22', 85),
(400, '4394776240012', 'Leite de Coco Sococo', 688, '2025-05-15', 117),
(401, '1430820295594', 'Achocolatado Toddy', 428, '2025-06-30', 84),
(402, '3256484928648', 'Mostarda Heinz', 833, '2025-11-30', 442),
(403, '9939254699946', 'Café 3 Corações', 852, '2025-12-23', 275),
(404, '1307901499255', 'Detergente Ypê', 32, '2025-05-13', 446),
(405, '1006231361169', 'Carne Moída Friboi', 883, '2025-12-24', 367),
(406, '3178742334250', 'Farinha de Trigo Dona Benta', 521, '2026-02-17', 181),
(407, '9006970624910', 'Manteiga Aviação', 513, '2025-11-15', 44),
(408, '1845448143305', 'Creme de Leite Nestlé', 924, '2026-02-17', 25),
(409, '7550429943448', 'Peito de Frango Sadia', 940, '2025-03-10', 407),
(410, '6019276324827', 'Óleo de Soja Liza', 578, '2025-11-08', 289),
(412, '1371767317605', 'Mostarda Gourmet Heinz', 892, '2025-06-23', 3),
(413, '7965830035898', 'Chocolates Garoto', 72, '2025-03-08', 327),
(414, '4518409778085', 'Cerveja Skol', 887, '2025-10-10', 250),
(415, '4990337599192', 'Granola Mãe Terra', 330, '2025-03-14', 325),
(416, '6541258130293', 'Shampoo Head & Shoulders', 840, '2025-06-12', 114),
(417, '1569398446995', 'Creme de Leite Nestlé', 678, '2025-09-27', 331),
(418, '6892473164181', 'Chips Lay\'s', 949, '2026-02-19', 302),
(419, '7096443486711', 'Presunto Perdigão', 318, '2026-02-17', 279),
(420, '8822537174595', 'Leite de Coco Sococo', 590, '2025-07-27', 293),
(421, '8981623470917', 'Carne Moída Friboi', 545, '2025-05-06', 178),
(422, '7668444273471', 'Creme de Leite Nestlé', 76, '2025-03-20', 142),
(423, '7954164182052', 'Desodorante Rexona', 461, '2025-09-07', 394),
(424, '6677358836054', 'Salgadinhos Cheetos', 493, '2025-05-24', 316),
(425, '4231593971437', 'Azeite Extra Virgem Gallo', 307, '2026-01-23', 328),
(426, '6598017569884', 'Bolacha Trakinas', 281, '2025-11-30', 423),
(427, '7114829214359', 'Cerveja Brahma', 323, '2025-11-01', 177),
(428, '5228330917262', 'Molho Pesto Barilla', 744, '2025-10-08', 112),
(429, '1382678845878', 'Creme de Leite Nestlé', 844, '2025-03-14', 211),
(430, '4865427691684', 'Condicionador Pantene', 877, '2025-10-06', 115),
(431, '4983182125168', 'Creme de Leite Nestlé', 285, '2025-07-07', 237),
(432, '5130526270219', 'Queijo Prato', 898, '2025-11-18', 157),
(433, '6686045297213', 'Frutas desidratadas Fruitlife', 430, '2026-01-30', 320),
(434, '6405026399787', 'Bolacha Trakinas', 498, '2025-03-03', 211),
(435, '8101556430795', 'Vinagre Castelo', 596, '2025-11-12', 396),
(436, '6846927541255', 'Suco Del Valle', 414, '2025-03-21', 175),
(437, '7296427418143', 'Creme de Arroz Minuto', 827, '2025-10-22', 78),
(438, '4028894916250', 'Sabonete Dove', 85, '2025-06-17', 116),
(439, '8761733283330', 'Presunto Perdigão', 308, '2025-12-30', 247),
(440, '1348498810220', 'Pimenta do Reino Pfeffer', 391, '2025-10-28', 39),
(441, '4222853946130', 'Whey Protein Integralmedica', 492, '2025-03-11', 53),
(442, '7888262498940', 'Açúcar União', 911, '2025-07-31', 316),
(443, '2774035948967', 'Manteiga Aviação', 705, '2026-02-15', 359),
(444, '1192630138135', 'Cerveja Brahma', 635, '2025-07-25', 423),
(445, '7426703500538', 'Chocolate Lacta', 822, '2026-01-31', 166),
(446, '4622495327295', 'Biscoito Wafer Bauducco', 303, '2025-11-12', 304),
(447, '7694343597711', 'Tomate Pelado Pomarola', 294, '2025-12-09', 270),
(448, '4314225411930', 'Molho Shoyu Kikkoman', 792, '2025-10-28', 70),
(449, '9087834217113', 'Sabão em Pó Omo', 672, '2025-03-27', 339),
(450, '5314466199081', 'Queijo Parmesão Grana Padano', 828, '2025-08-24', 167),
(451, '4761629836100', 'Biscoito Wafer Bauducco', 329, '2025-03-11', 300),
(452, '5715898316120', 'Bala Soft', 735, '2025-06-19', 146),
(453, '1003028084086', 'Achocolatado Toddy', 49, '2025-09-03', 299),
(454, '7045697850368', 'Leite de Coco Sococo', 68, '2025-08-11', 341),
(455, '4266913242697', 'Mel Karuna', 645, '2025-09-11', 153),
(456, '4579812918281', 'Sal Defumado Salfin', 692, '2026-02-09', 203),
(457, '8292183920663', 'Bolacha Trakinas', 257, '2025-06-09', 125),
(458, '9979620173888', 'Tomate Pelado Pomarola', 257, '2026-02-20', 176),
(459, '7076928902485', 'Pimenta do Reino Pfeffer', 940, '2025-04-17', 290),
(460, '6011095698701', 'Sal Defumado Salfin', 211, '2025-12-25', 252),
(461, '4905428895631', 'Alho Granum', 842, '2025-07-21', 67),
(462, '5822388851507', 'Manteiga Tirol', 961, '2026-02-06', 207),
(463, '2464196954521', 'Macarrão Nissin', 627, '2025-10-02', 326),
(464, '9590095751050', 'Azeite Extra Virgem Gallo', 133, '2025-05-07', 425),
(465, '9499167497964', 'Ketchup Heinz', 186, '2025-03-13', 93),
(466, '6878545407411', 'Salsicha Perdigão', 653, '2025-10-24', 322),
(467, '1830352382450', 'Condicionador Pantene', 266, '2026-02-13', 30),
(468, '4861346287411', 'Refrigerante Coca-Cola', 3, '2025-07-29', 32),
(469, '2239890276604', 'Chá Matte Leão', 682, '2025-07-12', 229),
(470, '8867888515681', 'Alho Picado Yoki', 104, '2025-10-12', 338),
(471, '6527901854739', 'Farinha de Mandioca Yoki', 787, '2025-06-30', 162),
(472, '3926285180173', 'Detergente Ypê', 652, '2025-07-17', 80),
(473, '8726420983917', 'Molho Barbecue Heinz', 495, '2025-07-21', 133),
(474, '9738619495990', 'Molho de Soja Kikkoman', 506, '2026-02-06', 327),
(475, '6684597675023', 'Maionese Hellmann’s', 769, '2025-12-17', 55),
(476, '3872068850015', 'Leite de Coco Sococo', 120, '2025-09-19', 128),
(477, '9711823251409', 'Margarina Qualy', 211, '2025-06-12', 369),
(478, '6788597129386', 'Farinha de Mandioca Yoki', 886, '2025-12-21', 124),
(479, '8979920379825', 'Ketchup Heinz', 518, '2025-08-05', 327),
(480, '9667454928020', 'Iogurte Activia', 924, '2025-08-14', 139),
(481, '3043464420647', 'Mostarda Gourmet Heinz', 294, '2025-11-27', 21),
(482, '2439175643945', 'Carne Moída Friboi', 503, '2025-05-31', 66),
(483, '2196582778588', 'Farinha de Mandioca Yoki', 879, '2025-05-20', 362),
(484, '8527403831548', 'Leite de Coco Sococo', 628, '2025-03-04', 57),
(485, '8883687845976', 'Café Pilão', 365, '2026-02-01', 427),
(486, '9898480454144', 'Mostarda Gourmet Heinz', 172, '2025-03-03', 124),
(487, '3079342319108', 'Suco de Uva Concentrado Maguari', 809, '2025-08-07', 137),
(488, '2788783979389', 'Margarina Qualy', 163, '2025-08-08', 374),
(489, '1790690988775', 'Maionese Hellmann’s', 315, '2025-03-05', 211),
(490, '3037700257241', 'Bolacha Trakinas', 498, '2025-12-20', 96),
(491, '5462054366813', 'Detergente Ypê', 233, '2025-06-21', 425),
(492, '2904004740066', 'Ketchup Hellmann\'s', 516, '2026-02-17', 226),
(493, '1023386468033', 'Requeijão Catupiry', 536, '2026-02-14', 371),
(494, '9327812747667', 'Chá Lipton', 631, '2025-04-04', 384),
(495, '8142860904550', 'Café 3 Corações', 702, '2025-05-10', 90),
(496, '7407052442610', 'Refrigerante Coca-Cola', 252, '2025-03-18', 322),
(497, '5511671320542', 'Chá Lipton', 32, '2025-03-17', 394),
(498, '3777169048078', 'Suco de Uva Concentrado Maguari', 422, '2025-03-27', 122),
(499, '1575194395953', 'Queijo Gorgonzola', 141, '2025-12-08', 211),
(500, '4002356816663', 'Queijo Gouda', 577, '2025-07-18', 212),
(501, '2083365824206', 'Bala Soft', 498, '2025-03-14', 430),
(502, '8089572281438', 'Cerveja Skol', 427, '2025-06-21', 172),
(503, '7575811830105', 'Salsicha Perdigão', 355, '2025-03-30', 236),
(504, '9596456840324', 'Bolacha Maisena', 387, '2025-12-13', 315),
(505, '1479706828318', 'Café Pilão', 100, '2025-10-21', 18),
(506, '9132943094781', 'Whey Protein Integralmedica', 941, '2025-07-15', 43),
(507, '5123172544315', 'Cerveja Brahma', 842, '2025-10-16', 358),
(508, '1203283634499', 'Pipoca Yoki', 253, '2025-07-01', 138),
(509, '6514188337504', 'Maionese Aioli Hellmann\'s', 362, '2025-05-12', 428),
(510, '3953487853384', 'Farinha de Trigo Dona Benta', 465, '2025-05-12', 207),
(511, '5859566080688', 'Ketchup Hellmann\'s', 816, '2025-03-19', 78),
(512, '8333091796538', 'Azeite Extra Virgem Gallo', 332, '2025-12-27', 421),
(513, '2667343120620', 'Chips Lay\'s', 104, '2025-04-07', 420),
(514, '8065365231838', 'Toalhas Neve', 666, '2025-08-29', 179),
(515, '1216734477713', 'Manteiga Tirol', 63, '2025-03-28', 119),
(516, '2879092714058', 'Mostarda Heinz', 252, '2025-08-28', 395),
(517, '2544224347965', 'Detergente Ypê', 112, '2025-10-02', 205),
(518, '8178770310708', 'Sabão em Pó Omo', 498, '2026-01-30', 309),
(519, '5492211842791', 'Arroz Tio João', 440, '2025-12-01', 40),
(520, '2994927652496', 'Salgadinhos Fandangos', 646, '2026-02-22', 62),
(521, '3945471312198', 'Sal Defumado Salfin', 144, '2026-01-19', 86),
(522, '7690081797149', 'Carne Moída Friboi', 673, '2025-07-25', 259),
(523, '3566861583323', 'Queijo Parmesão Grana Padano', 629, '2026-01-24', 437),
(524, '2269887074627', 'Lasanha Sadia', 934, '2025-07-03', 299),
(525, '6484321882794', 'Macarrão Nissin', 26, '2025-04-12', 294),
(526, '4910859626400', 'Chocolates Kopenhagen', 359, '2025-03-15', 48),
(527, '8545157367557', 'Chocolates Kopenhagen', 909, '2025-04-05', 103),
(528, '8172541162136', 'Queijo Minas Frescal Itambé', 889, '2025-06-08', 157),
(529, '4453119980474', 'Whey Protein Integralmedica', 207, '2025-03-13', 410),
(530, '3342584946606', 'Manteiga Tirol', 457, '2025-10-27', 303),
(531, '9860876454527', 'Shampoo Head & Shoulders', 879, '2025-09-30', 350),
(532, '7229935921670', 'Farinha de Mandioca Yoki', 383, '2026-02-11', 78),
(533, '5830426695173', 'Macarrão Nissin', 250, '2025-07-06', 419),
(534, '7550550626722', 'Água Mineral Crystal', 840, '2025-10-30', 59),
(535, '1380123603236', 'Bolacha Cream Cracker', 359, '2025-11-07', 393),
(536, '5075453508590', 'Mostarda Heinz', 256, '2026-02-04', 395),
(537, '1427475807671', 'Margarina Qualy', 370, '2025-08-03', 158),
(538, '2704946694043', 'Refrigerante Coca-Cola', 342, '2025-04-16', 161),
(539, '7163336773190', 'Azeite Extra Virgem Gallo', 413, '2025-11-22', 100),
(541, '4825271814949', 'Biscuits Piraquê', 138, '2025-08-25', 333),
(542, '8135375418943', 'Manteiga Aviação', 927, '2026-01-30', 317),
(543, '8037534947492', 'Leite de Coco Sococo', 568, '2025-07-07', 135),
(544, '3196275397950', 'Molho Pesto Barilla', 559, '2025-09-04', 34),
(545, '2314957261216', 'Chocolate Lacta', 782, '2025-04-07', 315),
(546, '6548381196769', 'Sal Defumado Salfin', 977, '2025-05-09', 378),
(547, '7736605274309', 'Ketchup Hellmann\'s', 807, '2025-07-12', 449),
(548, '4527509382477', 'Papel Higiênico Neve', 653, '2025-09-24', 311),
(549, '2411017515824', 'Cerveja Brahma', 959, '2026-01-11', 84),
(550, '8703508086601', 'Molho Pesto Barilla', 719, '2025-05-09', 64),
(551, '5102515363585', 'Queijo Gorgonzola', 30, '2025-12-30', 175),
(552, '8982764066715', 'Lasanha Sadia', 611, '2025-03-08', 29),
(553, '9720948250570', 'Whey Protein Integralmedica', 593, '2025-07-01', 350),
(554, '1938734321627', 'Molho Shoyu Kikkoman', 659, '2025-06-25', 58),
(555, '3300128319760', 'Biscoito Wafer Bauducco', 904, '2025-11-15', 318),
(556, '3255859881117', 'Queijo Gouda', 569, '2026-02-01', 126),
(557, '3790203952594', 'Bolacha Cream Cracker', 460, '2025-06-15', 276),
(558, '1757162641257', 'Manteiga Aviação', 830, '2025-08-26', 34),
(559, '7999842216359', 'Chips Lay\'s', 471, '2025-10-30', 349),
(560, '2899016650055', 'Azeite Extra Virgem Gallo', 447, '2025-07-08', 246),
(561, '1972366100516', 'Salsicha Perdigão', 770, '2025-02-24', 50),
(562, '9307993410823', 'Sal Defumado Salfin', 951, '2025-10-21', 350),
(563, '2513147424362', 'Pimenta do Reino Pfeffer', 112, '2025-05-08', 161),
(564, '6253491571930', 'Salgadinhos Fandangos', 73, '2026-02-05', 309),
(565, '5184376430195', 'Biscoito Wafer Bauducco', 764, '2026-01-06', 285),
(566, '9966023753406', 'Tomate Pelado Pomarola', 965, '2025-06-20', 400),
(567, '5816302118465', 'Salgadinhos Fandangos', 45, '2025-03-18', 407),
(568, '7045571091678', 'Mostarda Heinz', 66, '2025-06-11', 293),
(569, '2331544146930', 'Farinha de Trigo Dona Benta', 544, '2025-06-30', 421),
(570, '4465601516976', 'Margarina Qualy', 265, '2025-10-09', 103),
(571, '8940504910100', 'Bolacha Maisena', 579, '2025-03-17', 385),
(572, '3167372730254', 'Mostarda Gourmet Heinz', 833, '2025-08-29', 364),
(573, '5132483717403', 'Alho Granum', 644, '2025-09-29', 71),
(574, '7657597287219', 'Tomate Pelado Pomarola', 111, '2025-03-14', 354),
(575, '4268303347334', 'Café 3 Corações', 791, '2025-08-03', 296),
(576, '3009191547286', 'Café 3 Corações', 405, '2025-11-16', 438),
(577, '8195558036620', 'Desodorante Rexona', 217, '2025-05-25', 137),
(578, '5395768571944', 'Sopas Knorr', 698, '2025-04-05', 97),
(579, '8191315976928', 'Iogurte Activia', 157, '2026-02-11', 168),
(580, '8334386000637', 'Mostarda Heinz', 547, '2025-11-07', 131),
(581, '9017795261994', 'Molho de Soja Kikkoman', 160, '2025-07-02', 241),
(582, '4933733979984', 'Queijo Brie', 968, '2025-10-03', 335),
(583, '3698571620302', 'Suco Del Valle', 953, '2025-07-21', 275),
(584, '6798932520844', 'Café Pilão', 738, '2025-12-24', 436),
(585, '1632449418912', 'Detergente Ypê', 556, '2026-01-24', 275),
(586, '1005884403396', 'Arroz Tio João', 277, '2025-03-22', 446),
(587, '6632600338186', 'Pipoca Yoki', 408, '2025-03-21', 283),
(588, '1834379694825', 'Biscoito Bono', 0, '2026-02-06', 181),
(589, '8433134042496', 'Manteiga Tirol', 705, '2025-05-05', 109),
(590, '3993862814477', 'Biscuits Piraquê', 569, '2025-04-07', 54),
(591, '9975805113589', 'Whey Protein Integralmedica', 438, '2026-02-02', 396),
(592, '3590337708066', 'Azeite Extra Virgem Gallo', 61, '2026-02-15', 21),
(593, '5528445022361', 'Gelatina Ligth Dr Oetker', 367, '2025-05-18', 146),
(594, '7365051778247', 'Papel Higiênico Neve', 523, '2025-12-17', 365),
(595, '3746095424980', 'Chá Matte Leão', 514, '2025-12-18', 11),
(596, '9206499760372', 'Sabonete Dove', 83, '2025-08-29', 211),
(597, '9419234438257', 'Sal Defumado Salfin', 278, '2025-12-31', 58),
(598, '7259179386127', 'Requeijão Catupiry', 479, '2025-05-16', 332),
(599, '1764815413629', 'Sabonete Dove', 102, '2025-12-06', 67),
(600, '9252155965888', 'Café Pilão', 657, '2025-03-01', 76),
(601, '999999989996587', 'Barra de chocolate', 500, '8888-08-05', 431),
(602, '999999989996587', 'Barra de chocolate', 400, '2025-04-01', 205),
(603, '999999989996587', 'Barra de chocolate', 400, '1444-12-14', 297),
(604, '1144411444114', 'nome teste 3', 44, '2025-11-11', 41),
(605, '1144411444114', 'nome teste 3', 44, '2025-11-11', 41),
(606, '1144411444114', 'nome teste 3', 44, '2025-11-11', 41),
(607, '1144411444114', 'nome teste 3', 44, '2025-11-11', 41),
(608, '1144411444114', 'nome teste 3', 44, '2025-11-11', 41),
(609, '1144411444114', 'nome teste 3', 44, '2025-11-11', 41),
(610, '1144411444114', 'nome teste 3', 44, '2025-11-11', 41),
(611, '1144411444114', 'nome teste 3', 44, '2025-11-11', 41),
(612, '1144411444114', 'nome teste 4', 44, '2026-11-11', 41);

-- --------------------------------------------------------

--
-- Estrutura para tabela `transfer`
--

CREATE TABLE `transfer` (
  `id` int(11) NOT NULL,
  `type` enum('internal','external') NOT NULL,
  `date` date NOT NULL
) ENGINE=InnoDB DEFAULT CHARSET=utf8mb4 COLLATE=utf8mb4_general_ci;

--
-- Despejando dados para a tabela `transfer`
--

INSERT INTO `transfer` (`id`, `type`, `date`) VALUES
(1, 'internal', '0000-00-00'),
(2, 'internal', '0000-00-00'),
(3, 'internal', '2025-04-18');

-- --------------------------------------------------------

--
-- Estrutura para tabela `user`
--

CREATE TABLE `user` (
  `id` int(11) NOT NULL,
  `login` varchar(100) NOT NULL,
  `password` varchar(255) NOT NULL,
  `role` enum('admin','user') NOT NULL
) ENGINE=InnoDB DEFAULT CHARSET=utf8mb4 COLLATE=utf8mb4_general_ci;

--
-- Despejando dados para a tabela `user`
--

INSERT INTO `user` (`id`, `login`, `password`, `role`) VALUES
(1, 'admin', '$2y$10$LzkoXbspmSZzwR0ArPiCnepLes6HwTMJxCu4gxy4g79QdFQ0LXi32', 'admin'),
(12, 'user', '$2y$10$.oxo92cf9pUOXEZMhJD2e.MHg8QX3QE2tr1hSP1wtPsi9VOiXfjn.', 'user');

--
-- Índices para tabelas despejadas
--

--
-- Índices de tabela `location`
--
ALTER TABLE `location`
  ADD PRIMARY KEY (`id`);

--
-- Índices de tabela `location_product`
--
ALTER TABLE `location_product`
  ADD PRIMARY KEY (`id`);

--
-- Índices de tabela `product`
--
ALTER TABLE `product`
  ADD PRIMARY KEY (`product_id`) USING BTREE,
  ADD KEY `location_id` (`location_id`) USING BTREE;

--
-- Índices de tabela `transfer`
--
ALTER TABLE `transfer`
  ADD PRIMARY KEY (`id`);

--
-- Índices de tabela `user`
--
ALTER TABLE `user`
  ADD PRIMARY KEY (`id`),
  ADD UNIQUE KEY `login` (`login`);

--
-- AUTO_INCREMENT para tabelas despejadas
--

--
-- AUTO_INCREMENT de tabela `location`
--
ALTER TABLE `location`
  MODIFY `id` int(11) NOT NULL AUTO_INCREMENT, AUTO_INCREMENT=481;

--
-- AUTO_INCREMENT de tabela `location_product`
--
ALTER TABLE `location_product`
  MODIFY `id` int(11) NOT NULL AUTO_INCREMENT;

--
-- AUTO_INCREMENT de tabela `product`
--
ALTER TABLE `product`
  MODIFY `product_id` int(11) NOT NULL AUTO_INCREMENT, AUTO_INCREMENT=613;

--
-- AUTO_INCREMENT de tabela `transfer`
--
ALTER TABLE `transfer`
  MODIFY `id` int(11) NOT NULL AUTO_INCREMENT, AUTO_INCREMENT=4;

--
-- AUTO_INCREMENT de tabela `user`
--
ALTER TABLE `user`
  MODIFY `id` int(11) NOT NULL AUTO_INCREMENT, AUTO_INCREMENT=13;

--
-- Restrições para tabelas despejadas
--

--
-- Restrições para tabelas `product`
--
ALTER TABLE `product`
  ADD CONSTRAINT `product_ibfk_1` FOREIGN KEY (`location_id`) REFERENCES `location` (`id`) ON DELETE CASCADE;
COMMIT;

/*!40101 SET CHARACTER_SET_CLIENT=@OLD_CHARACTER_SET_CLIENT */;
/*!40101 SET CHARACTER_SET_RESULTS=@OLD_CHARACTER_SET_RESULTS */;
/*!40101 SET COLLATION_CONNECTION=@OLD_COLLATION_CONNECTION */;
